{
   "awards":[
      {
         "year":"2022",
         "award":"Green Innovator of the Year",
         "source":"Eco Warrior Digest"
      },
      {
         "year":"2021",
         "award":"Increased urban green spaces by 150%",
         "source":"Cities like Seattle and Austin"
      },
      {
         "year":"2021",
         "award":"Partnered with UNICEF",
         "source":"Areas suffering from water scarcity"
      },
      {
         "year":"2020",
         "award":"Adopted by 20 major city parks globally",
         "source":"Reducing their carbon footprint"
      }
   ]
}