{
   "awards":[
      {
         "year":"2022",
         "award":"Green Innovator of the Year",
         "source":"Eco Warrior Digest",
	 "icon":"pe-7s-star"
      },
      {
         "year":"2021",
         "award":"Increased urban green spaces by 150%",
         "source":"Cities like Seattle and Austin",
	 "icon":"pe-7s-sun"
      },
      {
         "year":"2021",
         "award":"Partnered with UNICEF",
         "source":"Areas suffering from water scarcity",
	 "icon":"pe-7s-speaker"
      },
      {
         "year":"2020",
         "award":"Adopted by 20 major city parks globally",
         "source":"Reducing their carbon footprint",
	 "icon":"pe-7s-shopbag"
      }
   ]
}